{
  "train_losses": [
    1.4369676178794797,
    1.4124908735186368,
    1.4059159796116716,
    1.5065390285799058,
    1.3768942881438693,
    1.4957109952377061,
    1.379481511600947,
    1.3695174789024611,
    1.3708789055630313,
    1.3639079524298845,
    1.3728620965602034,
    1.3661901273969876,
    1.3675188533330367,
    1.363172476574526,
    1.363119410256208
  ],
  "val_losses": [
    2.1433797891323385,
    1.9018901999180133,
    1.873404874251439,
    1.9059213812534626,
    1.8541922110777636,
    1.9115456296847417,
    1.8775601524573107,
    1.8864649029878469,
    1.8633358065898602,
    1.8744598443691547,
    1.8759000943257258,
    1.8776540068479686,
    1.8963640469771166,
    1.8989350658196669,
    1.9036881831976085
  ],
  "best_val_loss": 1.8541922110777636,
  "config": {
    "epochs": 50,
    "batch_size": 32,
    "lr": 0.001,
    "window_size": 50,
    "d_model": 64,
    "num_layers": 2,
    "dropout": 0.2,
    "seed": 42
  }
}